label,text,
joy,"On days when I feel close to my partner and other friends.   
When I feel at peace with myself and also experience a close  
contact with people whom I regard greatly.",
fear,"Every time I imagine that someone I love or I could contact a  
serious illness, even death.",
anger,"When I had been obviously unjustly treated and had no possibility  
of elucidating this.",
sadness,"When I think about the short time that we live and relate it to  
the periods of my life when I think that I did not use this  
short time.",
disgust,"At a gathering I found myself involuntarily sitting next to two  
people who expressed opinions that I considered very low and  
discriminating.",
shame,"When I realized that I was directing the feelings of discontent  
with myself at my partner and this way was trying to put the blame  
on him instead of sorting out my own feeliings.",
guilt,"I feel guilty when when I realize that I consider material things  
more important than caring for my relatives.  I feel very  
self-centered.",
joy,"After my girlfriend had taken her exam we went to her parent's  
place.",
fear,"When, for the first time I realized the meaning of death.",
anger,"When a car is overtaking another and I am forced to drive off the  
road.",
sadness,"When I recently thought about the hard work it takes to study, and   
how one wants to try something else.  When I read a theoretical  
book in English that I did not understand.",
disgust,"When I found a bristle in the liver paste tube.",
shame,"When I was tired and unmotivated, I shouted at my girlfriend and  
and brought up negative sides of her character which are actually  
not so important.",
guilt,"When I think that I do not study enough.  After the weekend I  
think that I should have been able to have accomplished  
something during that time.",
joy,"When I pass an examination which I did not think I did well.",
fear,"When one has arranged to meet someone and that person arrives  
late, in the meantime one starts thinking about all that could  
have gone wrong e.g a traffic accident.",
anger,"When one is unjustly accused of something one has not done.",
sadness,"When one's studies seem hopelessly difficult and uninteresting.",
disgust,"When one finds out that someone you know is not at all like one  
had thought, for instance friends who steal and things like that,  
quite unwarranted.",
shame,"When one has been unjust, stupid towards someone else. ",
guilt,"When one has neglected or been unjust to a good friend.",
joy,"Passing an exam I did not expect to pass.",
fear,"When I climbed up a tree to pick apples.  The angle of the ladder  
I was on did not enable me to get high enough.  This implied  
that the ladder was not very stable.",
guilt,When excuses are necessary and I get out of doing it myself.,
joy,When I had my children.,
fear,"When my 2 year old son climbed up and sat on the 7th floor  
balcony with his legs hanging out.  He was holding on tightly to  
the upper railing of the balcony but he could have easily lost  
his balance when he sat down.",
anger,When my partner was attacked and lost three teeth.,
sadness,"When I see children on T.V from areas devastated by drought and  
war.",
disgust,When I nearly walked on a blindworm and then saw it crawl away.,
shame,"When I saw my 18 year old son grab an oxygen mask as he had  
breathing difficulties.  I had a bad conscience because I had not  
stopped smoking.  Medication for the dilation of his breathing  
tubes also caused a sense of guilt in me.",
guilt,"I experience a sense of guilt as my middle son cannot express  
himself like other children, neither verbally nor in writing.",
joy,When my child was born.,
fear,"It was spring and the ice was melting.  I was far out on a jetty and I poked the ice with a long branch to try and break it.
 The branch went through the ice and I fell in, the water closed  
in over my head.",
anger,"Unjust accusations directed at me and my way of acting, by someone close to me.  ",
sadness,Failing an examination.,
disgust,"A drunkard fell, started bleeding and wet himself.  Disgust that  
turned into sadness-unpleasantness.",
shame,"When, as an adult I have been caught lying or behaving badly.",
guilt,"When I am in an environment or with a person much worse off than  
me, I realize how privileged I am.",
joy,When I saw a person I had not seen for a long time.,
fear,"When, as a child, I was nearly knocked down by a car.",
anger,"When I heard on the radio that the football match in Belgium had  
ended in a catastrophe, and several people had died.  I could not  
 understand how normal people could behave in such a way.",
sadness,"When I feel lonely, perhaps because I have to study a lot and I  
am shut up in my appartment.  Nothing happens in particular  
because there is no time for anything else.",
disgust,"When one learns through the mass media all the wars and killing  
going on in the world.",
shame,"I lied, to be precise I cancelled a meeting with a good friend.",
guilt,When one lets friends down,
joy,When I was accepted for a course on finance and accounting.,
fear,"A bus drove over my right leg.  The event itself was not very  
frightening but when I had to wait in the emergency ward for  
three hours and then my leg began to swell, I was frightened.",
anger,"At my Summer job, nobody looked after me in particular and I had  
to learn all on my own.",
sadness,When I was not accepted as a student in finance and accounting.,
disgust,"When I had just moved into my new appartment I found a ventilator  
in the kitchen.  I was going to clean it when I found that the  
drum was full of mud and slime.  I felt disgusted.",
shame,"My elder brother and I have not always had a good relationship  
and I feel ashamed of myself as I do not call him to talk to him  
nowadays.",
guilt,"At my Summer job a new caretaker had been employed who was my age  
 but I preferred going out for lunch with the accounts personnel  
rather than with him.",
joy,"Passed an exam by 2 points.",
fear,"In a cottage in a large forest, I was alone for a while in the  dark.",
sadness,"Railway station good-bye.",
disgust,"I saw a cripple in rags with small children in Italy.  He was  
probably an imposter.",
shame,"I told a friend that I was going to a party and he would not  
enjoy himself if he came along.  He understood  that he would not  
have fitted in and there was something in that.",
guilt,"I was the reason behind the break-up of my friend's relationship  
with his girlfriend.  She finished with him.",
joy,I passed an exam that I was absolutely certain that I had failed.,
fear,"On the way back from Denmark with a friend on a small yatch,  
there was a storm and my friend was blown overboard;  I was very  
scared till I managed to get him back onboard.",
anger,I locked myself out.,
sadness,I missed the last tram home and had to walk in the pouring rain.,
disgust,I found some worms in the food and I had obviously eaten some.,
shame,"My friend was so intoxicated that the police came and took him  
away, and they later contacted his parents.",
guilt,I hapened to overhear something which I was not meant to hear.,
joy,When I won a trip to Greece in a competition.,
fear,"When I am out in the dark and a suspicious looking character  
comes towards me.",
anger,"At work, when an elderly man complained unjustifiably about me and  
distrusted me.",
sadness,When I had not understood anything after a lecture.,
disgust,When an alcoholic stood dribbling over a food counter.,
shame,"When my friend and I were discussing the good looks of a guy we  
realized that he had been listening.",
guilt,"When I complained about a colleague to the manager and he told  
her that someone had complained; this colleague came to me  
believing that I liked her.",
joy,"At a friend's birthday party with some of my closest friends.  It  
was all very pleasant and one could say that I was happy to have  
such good friends.",
fear,"On the way home one Friday night in the heavy rain the car  
acquaplanned.  I lost contact with the road surface for a few  
seconds.",
anger,Mad at my dad.,
sadness,A case of unrequited love.,
disgust,A bad smelling cucumber.,
shame,Nearly caught masturbating.,
guilt,I do not help out enough at home.,
joy,I felt very happy when I won the football pools.,
fear,"When I flew from Athens to Copenhagen after a holiday.  The plane  
was caught in a storm and it began to shake and I thouhght that  
we were going to crash.",
anger,When someone stole my bike.,
sadness,"When I saw the list of books to read for an acccouting course, I  
thought "" Oh God how will I ever manaage it!""",
disgust,"It was when I read a newspaper article on the future and they  
foresaw that we would be eating frog-burgers by the year 2000.   
An illustration showed a frog between two pieces of bread.",
shame,"When I dropped a bottle in the state liquor store and everyboby  
started laughing.",
guilt,"When I was young - 14, I pinched from a store and was caught.   
The store then contacted my parents.",
joy,"When the whole family gets together for a one week holiday.   
Everybody feels free and the trip is well planned.  It works out  
well and we enjoy ourselves.",
fear,"When I could not find my 2 year old daughter.  I ran and looked  
for her everywhere and could not find her.  (I finally found her,  
she had gone to bed to sleep)",
anger,When friends try to put me down or hurt me.  ,
sadness,Marriage crises.  Boredom.,
disgust,When someone makes advances that one does not want.,
shame,The discovery that one has only thought of oneself.,
guilt,When I spanked a child in anger and later regretted it terribly.,
joy,When I passed the first examination that I had to repeat.,
fear,"When I drove to Stockholm for the first time and drove off the  
Stora Hissingen road at the wrong exit.",
anger,When my boyfriend went away for a month long holiday without me.,
sadness,"Last year when I worked during the Summer holidays and studied  
at the same time for an examination I had to repeat; my boyfriend  
went to Greece for a holiday for a month.",
disgust,When a dog is left whining outside a shop.,
shame,"When I promised to help a friend over a weekend and did not keep  
the promise.",
guilt,When I realized that I had three more examinations to take.,
joy,"The day I was told that I had been accepted as a student of  
economics.",
fear,"While taking a short cut through the Vasa park, I was surrounded  
by three people who tried to steal my money.  I was scared and  
was saved only by the appearance of other people.",
anger,"At a restaurant I observed how the gypsies tried to get money by  
cheating the foreigners i.e non Swedish speaking.  My anger had  
nothing to do with hatred against foreigners, but it was an  
expression of the anger I feel when I see people being used .",
sadness,"At the begining of a new course one is afraid of encountering  
problems one can not manage.  Thoughts revolve around failing  
the subject and the consequences it would have for the future.",
disgust,"While walking in town I noticed how the police harrassed a man  
who was under the influence of alcohol.  They terrified him with  
the thought of arrest by driving close behind him on a pedestrian  
street.  My disgust was directed at the gestures and the facial  
expressions of the policemen; they seemed to be enjoying  
themselves.",
shame,"When my boyfriend revealed that he knew that I had discovered  
things of an important nature about him, I felt ashamed as I had  
not mentioned it earlier.",
guilt,"When I am dishonest to a friend to whom I am very close.  I  
feel guilty because I know that he gives a different version of  
the truth and I have not corrected these mistakes, and he is  
aware that I know that they are wrong.",
joy,"When I found out that I had passed the last two exams by a  
margin of three marks.",
fear,When my father was ill and was waiting for the results of his tests.,
anger,"When I got caught in the pouring rain last Thursday and did not  
have a raincoat on me.",
sadness,When I failed an exam.,
shame,"When I had not prepared my contribution to the group as  
thoroughly as the other members, with the result that the  
overall result was poor.",
guilt,"When my father and I worked on the house just after he had  
recovered from illness, I was rather lazy.  This meant that he  
had to work hard and was not very well later.",
joy,"When I gave birth to my son and saw that he was alive and that I  
had managed it well.  He was born a month too early with a  
malfunctioning lung.  This happened a year ago.",
fear,"When I found out that my father had lung cancer and they did not  
know how long he would live.",
anger,"When a colleague asked me for help at work, despite the fact  
that he had more time to do it than I had.",
sadness,"When I did not get the salary increase that I had been expecting  
and understood how little one's work was appreciated.",
disgust,When I was weeding the garden I found a lizard in my hand.,
shame,"When I met a friend whom I had not seen for a long time and  
heard all about her troubles, I thought that I should have got  
in touch with her earlier.",
guilt,"I got angry at my mother for something trivial.  We were in a  
bad mood because my father was very ill and I knew that my mother  
really needed support.  I had reacted wrongly.",
joy,"New year's eve 1983/1984, I met my girlfriend.  We stood on the  
steps outside her parents home and I kissed her for the  
first time.",
fear,"When I was stopped by plain clothes policemen because the car I  
was driving had overturned on the Avenue.  I had been driving too  
fast, and I was afraid when I was stopped, questionned and then  
toild to go.  The situation ended happily since there were no  
consequences.",
anger,"The editor changed the heading of an article that I had written.   
He considered the heading to be derogatory towards the person I had written  
about.",
sadness,"A close acquaintance of the family died of lung cancer.   
Although it was expected, I still felt depressed.",
disgust,"When I saw a picture, in the Gothenburg Post, of a totally  
demolished car with two fatally injured passengers.  The car was  
so badly damaged that they couldn't get the bodies out at the  
scene of the accident.",
shame,"One night I had a sexual intercourse with another man.  My sexual  
desire and my curiosity had made me jump into bed with him.  I am  
ashamed of myself now.",
guilt,"Due to laziness, I failed the term studies completely at  
University.  I also wanted, to some extent, to protest against my  
parents' expectations.",
joy,When I got the loan for my studies.,
fear,"I met intoxicated people with dubious intentions in a back alley  
one Wednesday night.",
anger,"On the T.V I saw a news feature on South Africa.  A policeman       
attacked a group of black people with a whip.",
sadness,"The thought of having to read a boring book of 400 pages in  
English.",
disgust,Grovelling people.,
shame,My inability to assert myself positively in a group.,
guilt,I experience feelings of guilt because I do not study enough.,
disgust,"Observing someone in the cafeteria noisily gulping in his food,  
having extremely bad manners.",
shame,"I guess I have often been ashamed after having talked badly of  
other people.",
guilt,Having been angry and unpleasant towards my parents.,
joy,"When my sister - after a history of one abortion and one  
stillbirth - gave birth to a perfectly healty boy.",
fear,"When my sister had the still born child, she was emotionally very  
deep down, and it took her a long time to recover.",
anger,"We were starting a student project, and the teacher we talked to  
was very negative and not very helpful.",
sadness,"When my boyfriend openly let me down, preferring another girl.",
disgust,"I felt some disgust for my boyfriend for a time, after he had  
left me.",
shame,Can't think of any.,
guilt,"Before an accident, my aunt offered me the front seat of the car,  
next to the driver. I declined, she took that seat and was killed  
there when the car crashed.",
joy,"Unexpected visit by a close friend, whom I hadn't seen for half a  
year.",
fear,"I wandered by mistake into the safety zone of a shooting range,  
and was shot at.",
anger,Being treated unfairly.,
sadness,Breaking up with a girl.,
disgust,Nothing.,
shame,None.,
guilt,Little contact with my father before he died.,
joy,"When I was accepted as a student at the college, not having  
thought it possible.",
fear,"When I was the first to arrive at the scene after an accident,  
and found that a close school friend had been killed.",
anger,"I was accused of having done something, which I hadn't and got  
very angry.",
sadness,When my grandmother died.,
disgust,Not applicable.,
joy,"A couple of years ago during the summer holiday, I was fishing at  
a lake with my husband.  Suddenly it started raining while the  
sun was still shining. I experienced a feeling of joy, happiness  
and fulfillment.  the whole nature was full of music.",
fear,"I was alone at home, in bed reading a womens' magazine in which  
there were storiees of paranormal experiences.  My leg was  
itching and I stretched my hand to scratch and I felt another  
strange hand. (later I realized that it was the corner of the  
blanket)",
anger,"I went to a lecture and once again it had been cancelled, this  
was the second time.  One had a negative attitude towards the  
lecturer. 
",
sadness,"I heard that a former superior of mine had died, I was later at  
home home reading about it in the newspaper and I thought of our  
interaction and how it was no longer possible.  The limited scope  
of human life is sad.",
disgust,"In the tram there was a fat, sickly looking woman in front of me  
who was asking for directions in a thick voice.  When she got up to  
go a disgusting smell of urine came from her.  I felt that I  
would choke.",
shame,"When we were at home, my husband and I, he made a remark about  
something I had done, in a perfectly friendly manner.  My deed  
had been unjust and I knew that my husband was right, therefore my  
sense of shame.",
guilt,"I made a remark to my sister concerning her attitude to men, the  
way she talked and I compared her to an acquaintance of mine.   
Later, the same evening, my sister looked sad.  I felt guilty  
about her sadness.",
joy,"I had a summer job in Sweden, and my boyfriend came to meet me on  
my birthday.",
fear,"I went to practice in Sweden during summer, and I was afraid that  
I would not do well.",
anger,"In the holiday cottage of our association, two of my pals came to  
wake me up early one morning by bringing a radio played at the  
highest volume into my room - it was the morning service at its  
loudest.",
sadness,My grandmother died suddenly last summer.,
disgust,"My superior at the summer job swindled customers as much as he  
could, and once put me in a difficult situation after which I  
could not but detest him.",
shame,"Once I arrived two hours late to my work place (a bank) and I was  
still feeling feeble and tired.",
guilt,"Our association had Polish visitors and when they were going back  
by boat I did not go to see them off (I am the chairman of the  
association).",
joy,"I was told quite unexpectedly that one wanted me to become the  
vice-chairman of our student organisation.  I was really  
surprised and joy was the first emotion I felt, though behind it  
there was worry - how shall I succeed ?",
fear,"Our tutorial group was soon to be divided, and we got a list of  
names of freshmen, out of which five were to be in my group.  We  
read the names and then each group went its own way to a seminar  
room.  I wondered how I would cope with the new situation and if  
I would succeed as a group leader.",
anger,"We were in a disco and the evening was not at all pleasant.   
Despite my not knowing why, I was angry with my companion.  I let  
him feel my bad humour as I cannot hide my feelings.",
sadness,"My grandmother died, and my mother called me one sunday morning  
in the Autumn.  The way my mother told me about it, I hated her  
at that moment.  She sounded as if she had been waiting for the  
death of my grandmother.  I had lost a person close to me.  I  
felt guilty too as I had been bad to my grandmother of late.  I had not  
remained calm when she no longer understood everything so well.",
disgust,"At the underground station, a drunkard came to speak to me.  He  
tried to ask me something but I did not answer so he began to  
speak about me with his companion.  I detested this dirty  
growling man.",
shame,"I was worried by a task related to my studies which had to be  
done in groups of two.  I was talking about it to my friends when  
I said something negative, in too abrupt a manner, concerning my  
work partner.  I did not quite mean what I said and I felt  
ashamed at having been mean enough to criticize him as he is also  
a friend of mine.",
guilt,"I had told my boyfriend that I did not want to go on with our  
relationship.  I knew that I was important to him but I wanted to  
be free.  I saw that this was difficult for him but I remained  
firm and did not change my mind.",
joy,"Last night I had a chat with a fellow student.  I had known her  
for about half a year, and for the first time we were speaking  
""the same language""- meaning an inspiring discussion and  
encounter.",
anger,"[ I sometimes quarrel with my mother because she blames me,  
though I have not in any way been connected to some events.]",
sadness,"After hearing about the death of my grandfather.  First I could  
not believe it, but later I wept and felt the situation was  
hopeless.  I felt lonely and wanted to be consolated.",
disgust,"In the evening, while I was watching TV, my little brother came  
in and started eating food he had brought from the kitchen while  
I was trying to concentrate on the program.",
shame,"My little brother was arrested by the police at the railway station after  
he had drunk some beer.",
guilt,"At my temporary job, I have to restrict  others' actions and make  
them obey me, and this very often gives me  a feeling of guilt.  I  
wish there could be some other way of acting.",
joy,"I met a dear friend of mine after a long time.  I expressed my feelings  
in our own usual way, by mutual scolding and abusing (with  
complete understanding) and by touching, patting and taking the  
hand of the other person, etc...",
fear,"I felt fear of the purest kind after a car accident.  The  
incident and images of horror kept coming back to my mind.  I  
wondered what could have happened to my sister, my friend and me,  
though nothing very serious actually happened.",
anger,"Two boys whom I know were telling me, in an indecent manner, how  
they had teased a young and shy girl I know.  They had despised  
her conviction, scorned and touched her.  I got very angry and  
did not try to conceal it and gave it back to them.",
sadness,"My sweetheart left me, or rather we decided to break it off by  
mutual consent.  The consequences were - unrestrained weeping,  
feelings of loneliness, hopelessness and disconsolation.  I felt  
that I should find a friend, to talk to joyfully and to forget.",
disgust,"Out of sheer curiosity, I went to see a pornographic movie in  
Copenhagen.  The room was full of men, who panted and  
masturbated.  Very disgusting.",
shame,"After having quarelled unnecessarily and without any reason, and  
having been stupidly cross in every way.",
guilt,Forced to fill in a questionnaire.,
joy,When I won a tennis match.,
fear,When my dog ran out on thin ice last spring.,
anger,"When my tennis match was interrupted because a kid cycled right  
into the court.",
joy,"Celebrations on the graduation day with the orchestra playing in  
the garden ( I am a part of this orchestra).",
fear,Risk of being involved in a fight after a party.,
anger,"I had a very heavy work load and two colleagues, whom I have  
nothing against, disturbed me by ""terror ringing"", i.e  
continously interrupting me by telephoning.",
sadness,After an exam which I failed.,
shame,"When I overtook a car on the mainroad, misjudging the distance of  
an oncoming car and this resulted in tooting and flashing from  
the other driver (we could have collided), and I had an  
acquaintance in the car with me.",
guilt,"I saw a neighbour, from the same appartment block as me, lying     
on the road.  He could have been injured or ill.  I kept 20  
metres away and did not go to help him.",
joy,When I met an old schhol friend (school love).,
fear,"When I was cycling to school, I nearly got knocked down by a car  
which (overtook me too closely) did not give me any swerving space.",
anger,"When I was deputy manager during the Summer, certain deputies  
took liberties, more than what was normal.",
sadness,"When I realized that my girlfriend, whom I like, and I were going  
to separate.",
disgust,Dog dirt which thaws in the spring.,
shame,When I forgot my mother's birthday.,
guilt,[ Can not think of anything just now.],
joy,Passed the last exam.,
fear,Was nearly knocked down by a car.,
anger,"I reached the bus stop and realized that I had forgotten my bus  
pass.",
sadness,"My current work load is too much.  The feeling comes back from  
time to time.",
joy,When my one year old son gives me a spontaneous kiss.,
fear,When someone close to me is travelling by car and is delayed.,
anger,When someone does something wrong which affects me negatively.,
sadness,When I think about my parents getting old.,
guilt,"I do not have the time for other people's problems.  My  
mother-in-law is sometimes depressed and I do not have the time,  
the desire or the strength to help.",
joy,"An ex-colleague asked me if I was interested in working in their  
accounts bureau.  They needed ""clever people"" and he had  
""immediately thought of me.""",
fear,"I was driving and a deer suddenly appeared in front of the  
car when there was a lot of traffic behind me.",
anger,I saw a report on T.V news on apartheid in South Africa. ,
joy,When my girlfriend became pregnant.,
fear,When I nearly collided with another car.,
anger,The time when someone let the air out of the tyres of my cycle.,
sadness,When I read a lot and did not remember anything.,
guilt,The time that I had to put my dog to sleep.,
sadness,Long illness.,
joy,When I passed an exam.,
fear,"When I was travelling by tram, I tripped and fell against the  
door.  I thought that I was going to fall out.",
anger,When I missed the tram after having run for it.,
sadness,The inability to read a book at college.,
disgust,If a guy one is not interested in makes advances.,
shame,I drink wine too often.,
guilt,I do not study enough as I do not understand it properly.,
joy,"I worked at a lawyer's office during Summer and I got a very  
good reference from him.",
fear,"I had been watching a triller a dark night in the country and I  
had to go the outside toilet on my own. ",
anger,"When I am accused of something I have not done, I get unbelievably  
angry.",
sadness,"When I began to read a thick book, which I had a limited time to  
read.  Also when I have a lot of work to do and I cannot keep up.",
disgust,Someone vomited on the street.,
shame,"I can not think of any incident when I have felt very ashamed.   
There are small incidents that I am ashamed of, for instance,  
not sending money to the children in Ethiopia.",
guilt,"I had lunch with my ex-boyfriend and did not mention it to my  
fiancee.  I felt guilty despite the fact that I felt nothing for  
my ex-boyfriend.",
joy,When I was finally qualified for my profession.,
fear,Someone attacked me with a knife.,
anger,Someone drove into my car and then denied that it had happened.,
sadness,When I was told that my friend's wife had cancer.,
disgust,When I saw a dog which had been knocked down by a car.,
shame,When I boxed my child's ears.,
guilt,When I was fined for speeding.,
joy,I stopped working (had a boring job).,
fear,"I was going home by car late one night when it was cold, dark and  
windy.  I became rather panicky on the way to my house.",
anger,Quarrel in the family.,
sadness,"When I am alone in a room with no contact with anyone -  
loneliness drains me.",
disgust,When I was on holiday someone vomited in front of me.,
shame,Emptied a bucket of water in a hospital.,
guilt,When I feigned sick leave from work.,
joy,When I get a hug from someone I love.,
fear,"I was driving very fast on a small road and I met an oncoming car  
in a right handed bend.  The other driver was on his own side of  
the road and I had to skid out of it to avoid a collision.  It  
was dark.",
anger,"My car had been towed away by the traffic police because it had  
been wrongly parked.  However the sign had been put up only after  
I had already parked.",
sadness,After an operation I had to stay in bed for a long time.,
disgust,"I was forced to stay in the canteen and eat the food that I had  
not asked for but got it anyway.",
shame,When I did not buy what I had promised to.,
guilt,"By mistake I took a book from the library which was not supposed  
to be loaned out.",
joy,When I won an unexpected sum of money.,
fear,"My 2 year old daughter disappeared in a moment of inattention; I  
was responsible for her.",
anger,"A colleague asked me for some advice and as he did not have  
enough confidence in me he asked a third person.",
sadness,"I wanted to be pregnant and did not succeed, so I was depressed     
at every menstruation.",
disgust,"In a warm bus full of people, someone vomited and the whole bus  
stank.",
shame,"I complained about a colleague's behaviour as she goes back on  
her word, is often absent and is irresponsible.  I found out that  
she was an alcoholic and was trying to fight againt her  
addiction.",
guilt,"I spoke to my mother on the phone.  She had skin cancer and was  
waiting to be operated.  I forgot to ask her the date of the  
operation and just before finishing our conversation she gave me  
the date in passing. ",
joy,"When I was at a party I met an old friend from an adult  
education course.  We had not met for 2 years but had both thought  
a lot about each other.  A wonderful experience.",
fear,"When I was cycling through the park late one night, two people  
jumped out of the woods and tried to stop me.  There were  
shouting something at the same time.",
anger,"When close relatives tried to dissuade me from studying  
Psychology because of its low status.",
sadness,"I had a long discussion on politics with an acquaintance.  He  
was more knowledgeable than me and I failed to explain my point  
of view and was misunderstood so I felt depressed and left.",
disgust,"When I read a newspaper article on a young girl who had been  
raped and assaulted one night by several men when she was unconscious.",
shame,"My mother revealed personal details about me and the  
negative aspects of my character to other people when I was  
present but unable to defend myself.",
guilt,"I was unfaithful to my partner once when he was working abroad  
for a long period.",
joy,When I recently got an appartment in central Gottenburg.,
fear,When I saw a large spider crawling up the wall.,
anger,"My employer took too many aspirins for a bad back and also drank  
an enormous amount of spirit.  This was dangerous  and he did  
not understand that he had done anything wrong.",
sadness,"When I left New York, and all my family and my friends behind me.",
disgust,"When I slept with a guy because my best friend wanted me to.   
He had never had intercourse with anyone and had a terrible  
complex about it.",
shame,"When I dated a close girlfriend's boyfriend a few times. He told  
me that it was over between them and I accepted it.  When she  
found out she finished our friendship.",
guilt,"When I broke off with my boyfriend after three years.  It was  
quite unexpected for him and there was no particular reason for  
the break up, such as someone else.",
joy,"When my son returned from mountaineering - healthy in body and  
soul.",
fear,"When one meets new people with whom one is forced to collaborate  
with.",
anger,"The sports fishermen who catch gulls instead of fish with their hooks.  
  It is often a mistake but it makes me angry.",
sadness,I feel sad about an event I can not influence.,
disgust,"When a member of the family complains about the food that is  
served, it disgusts me.",
guilt,"I have chosen to put my son in a private school were the  
examination marks are low.  Every time that he gives me his term  
results I am left with a sense of guilt.",
joy,"When I was informed that I had been accepted as a student of  
Psychology.",
fear,"When I was in a little fishing boat and we ran into hard weather  
in the open sea.",
anger,"When I found out that the guy I was dating at a particular time  
had a steady relationship going on with someone else for a long  
time.",
sadness,I felt sad and depressed when I heard that our cat had died.,
disgust,"When I was working as a nurse in a mental hospital, a patient ate  
up the contents of another patient's spitoon.",
shame,"At primary school, when I vomited in front of others in the middle   
of a lesson.",
guilt,"I arrived an hour late for an important meeting ( I had  
misunderstood the time).",
joy,When I was acceptted as a student of psychology.,
fear,When my son has a pain in his leg (for no apparent reason).  ,
anger,"When, after a week at school, a teacher sent a note home saying  
that my son was inattentive and unable to do his lessons.",
sadness,"When I thought that it was going to be impossible for me to start  
studying (due to wrong information from the student advisor).",
disgust,"At a certain person's lack of cleanliness, at home and  
personally.",
shame,"When I made the same mistake that I had accused someone else of, and  
this was obvious to a third pereson.",
guilt,When I lost something that was valuable to my sister.,
joy,When my son was born.,
fear,"When I nearly drowned in icy water wearing ice skates.  It was  
difficult to get out.",
anger,"When I was pointed out as a problem child in primary school and  
my mother took the teacher's point of view.",
sadness,When I was accused of neglecting work for the wrong reasons.,
disgust,"My parents attitude towards each other when they should become  
reconciled, despite my father's long-time addiction.",
shame,When I was caught stealing money from my father.,
guilt,"I stole a coconut cake from a reception table and when I put  
in my mouth I realized that the host was watching me.",
joy,"When after 10 months of national service I was ""downgraded"" and  
did not have to do the remaining 5 months.",
fear,"When I was reprimanded by the manager of the hotel where I  
worked during Autumn 1984.",
anger,"When my parents drove me to a nearby place and went home  
immediately instead of waiting a few hours.  They could have  
easily waited.",
sadness,"When my ex-girlfriend and I discovered that there was a certain risk  
of her being pregnant.",
disgust,"When I was about to clean the draining board and saw it looked  
underneath the sink (I live in a students hostel).",
shame,When my mother caught me masturbating.,
guilt,"As the only person in my family into academics, I ought to have  
looked after my younger (and only) sister better, with respect to  
her education and life experiences.",
joy,"When my older sister told us that she was thinking of joining the  
rest of the family for the winter sports holiday.",
fear,"Slept in a chapel and in the middle of the night I realized that  
there was someeone else in the chapel.  I never discovered who  
it was and why he was there.",
anger,"When we were in high school a few guys sometimes provoked a  
friend of mine.  They called her a pig and then grunted.  This  
irritated most of the girls.  Once, one of the girls got angry at  
my friend and said something nasty and this made me terribly  
angry.",
sadness,"I talked to my boyfriend on the phone when I was in high spirits  
and had a lot to tell him.  I had been looking forward to this  
conversation and he did not listen to me to the extent that I  
had anticipated.",
disgust,A mother who shouts at her child for nothing.,
shame,"When I complained to my mother about how untidy the kitchen  
loooked, she boxed my ears ( this had never happened before).",
guilt,"As I could not be home before midnight I called home at 11.30 and  
asked them to leave the door open so that I could get in.  I  
actually woke up the whole family by calling them so late.  My  
mother could not go back to sleep, besides she had a conference    
the next day and really needed to sleep.",
joy,When I got through the first day here at the department.,
fear,"When I was cycling past a parked car someone opened the door and  
nearly pushed me off my bike and into the traffic.",
anger,"When my boyfriend sat up half the night playing computer games  
with a friend.",
sadness,When I had to leave my mother and my sister after a week's visit.,
disgust,When I saw a big spider from very close.,
shame,"When I asked a friend to return the money that I had loaned her  
and then remembered that she had repayed me in several ways.",
guilt,"When one of my parents insinuates something about the other  
(they are divorced).",
joy,When i was asked to be a child's godmother.,
fear,On the way down a ski slope which was difficult and steep.,
anger,When my mother interfered in my life.,
sadness,"When I was left alone one week-end without being prepared for  
it.",
disgust,"The first time that I saw a surgeon cut off a leg and put it in a  
black rubbish bag.",
shame,When I forgot about a meeting at work.,
guilt,When I demand too much from my friends.,
joy,"When my husband suddenly came to see me at my new job and  
brought some flowers and cake with him.",
fear,When I was nearly attackad by a man who had been chasing me.,
anger,"When my father asked me if I was a communist, at the same time he  
made it clear that I should no longer see myself as his daughter.",
sadness,"When I applied for a job which I thought I had a good chance of  
getting, I was not even granted an interview and did not get the  
job.",
disgust,T.V features showing the violation of defenceless people.,
shame,"When I as a child of 9 or 10 I was playing doctor with the  
neighbours boys their mother caught us.",
guilt,"When my husband talked about the restrictions he will have to  
accept in his life to make our marriage work.  I felt that it was  
directed at me as it was me who had demanded the changes.  We  
were with a marriage counsellor then.",
joy,"When we were able to afford a new sofa - a leather one which cost  
SEK 20000.  I had waited for it for 2-3 years.",
fear,Vertigo - standing on a ladder and painting the house.,
anger,"When my boss enrolled in a course to satisfy his own ends - to  
trample on his associates.  I have the misfortune to have one of  
my superiors in my course.",
sadness,"When I argue with my mother about the way she treats her two  
children differently.",
disgust,Spit and vomit.,
shame,Spots on the seat covers of my husband's car.,
guilt,"Not speaking to my sister-in-law due to lack of interest in a  
relationship on my side.",
joy,"When I recently managed to get my first consulting assignment  
""myself"" i.e on my own initiative.",
fear,"I was within a hair's breadth of knocking down a drunkard who  
suddenly ran into the street.  The fear came later when I      
realized what could have happened.",
anger,"When my friend, as usual, forgot the tickets at home for a  
performance.  We missed it.",
sadness,"The elections of 1982 and 1985.  The thought of what a social  
democrat and communist majority could achieve, especially ""worker  
share"" funds and its extension.",
disgust,"A study visit to a chicken factory : the butchery, the smell,  
the environment and the noise.",
shame,Confession to my parents about my involvement in a moped theft.,
guilt,"[ No answer as I see very little difference between shame and  
guilt.  Therefore see answer for ""shame"".]",
joy,"When I was appointed to position of trust in a group set up to  
change the working environment.",
fear,"I was alone in a cottage I often stay in.  I was woken up by a  
rustling sound in the middle of the night.",
anger,"When I tried to explain to a plumber, face to face, that the  
toilet was broken and he did not believe it (it had been mended  
ten times).",
sadness,"When the result of a project work was treated nonchalantly  
intead of being criticized by the teacher.",
disgust,When programmes on violence or pornography are shown on T.V.,
shame,"When I talked maliciously about a colleague at work to someone  
else.  Immediately afterwards I felt ashamed.",
guilt,"When I decided to take a week s holiday without consulting the  
family first.",
joy,"After my girl and I talked things over our relationship changed  
and became positive.  A diificult time turned into pleasant one.",
fear,"When we could not land our plane and we knew that the fuel was  
running out.  Bad weather had already frightened us.",
anger,"When I read about Reagan's tactical decision concerning the  
South African boycott.",
sadness,"When my half brother became seriously ill with cancer and died  
later.",
disgust,"A film were a woman was attacked and raped.  One did not see the  
worst but it had the desired effect - very strong.",
shame,"I made a comment and it was interpreted completely differently  
from what I had meant.  When I said it I realized how my mother  
had understood it.",
guilt,"I had promised to visit my girlfriend but for different reasons  
could not make it.  I rang up later to tell her that I could not  
come.",
joy,"When I was offered a high position of trust, which I later  
accepted.",
fear,"I had the window open and the door was shut so that the kitten  
would not go out.  My partner came in and started talking about  
something and I forgot about the window and suddenly I saw the  
kitten hanging from the window frame. I was rigid with fright  
till I got hold of her.",
anger,"Some noisy guests arrived at the hotel.  I had been slightly  
irritated earlier.  At night when I was trying to sleep they were  
having a party so I went and yelled at them.  I wanted to sleep  
as I had to get up early the next day.",
sadness,"When I was told that I had not been successful in getting the job I  
had been expecting.  I was sure that I was sufficiently  
qualified.",
disgust,"When my cat vomited and a worm came out which was still alive.  I  
was forced to wipe it up.",
shame,"When I was a child it was found out that I had taken off my  
clothes outdoors.  It was summer and my friend and I were out  
in the woods.  It had felt exciting at that time.  My parents  
discovered that my trousers were back to front and I felt  
ashamed.",
guilt,"When I stole money from my mother and she asked me later if I was  
responsible.  I never admitted it.",
joy,"[ Cycling in the spring sunshine gives me such delight.   
Happiness is to be healthy, my wonderful finance.  Simply being  
here on earth.]",
fear,"When my relationship with my family is very poor I often fear  
being excluded from the group, a fear which is stronger in  
situations when an argument is on hand.",
anger,"Recently when my sister, who is four years younger than me and  
very spoiled, shouted at my mother for no apparent reason .  The  
heart-broken expression on my mother's face made me feel very  
angry.",
sadness,"When I watched the T.V programme called ""The living planet"" and  
saw the far reaching environmental destruction caused by man.",
disgust,"Disgust is a feeling that I have never experienced with peoplie  
but , on the other hand, it has been with repulsive animals, i;e  
snakes on T.V.",
shame,"When relatives have acted strangely, and unfriendly towards me.",
guilt,"When ,due to hunger and tiredness, I became generally irritated  
with my fiancee and made cutting remarks which really hurt him.   
Later I realized that my unfounded irritation had hurt the person  
I love most on earth.",
joy,"On a boat trip to Denmark, 14 of us had a lot of fun and we  
spent SEK 10 each on one armed bandits and against all odds we  
won the jackpot of SEK 1000.",
fear,"A rainy day, I was cycling downhill and a car door suddenly  
opened and while trying to avoid it the back wheels of my bike  
got caught in the tram tracks.  I somersaulted but had no  
injuries.",
anger,"On the way home from Marstrand I was driving behind my father's  
car.  Another car tried to push in front of my father and he was  
forced to swerve and he thus collided the car with a pillar.  The  
other car drove off without even seeing what had happened.",
sadness,"My girlfriend who had spent 6 months abroad broke off our  
relationship by letter.",
disgust,"At the police centre a man between 40-50 was brought in.  He was  
very drunk and in all likelihood had not slept indoors for a long  
time and had relieved himself in his trousers.",
shame,"A customer at the shop where I worked came in and asked if the  
goods that he had ordered had arrived.  I had totally  
forgotten about this order and I tried to offer weak excuses.",
guilt,"I was 4-5 years old when I hid the bicycle keys of a not very  
good friend.  After a few hours I pretended that I had found  
it.",
joy,"When I was at the end-of-term party last week and had fun - was  
happy and sang and drank only soft drinks.  It is possible to  
have a good time without alcohol.",
fear,"Last Summer I was walking along the beach in a bikini and an  
awful man came cycling after me.  He was shouting and I ran as  
fast as my legs could carry me.",
anger,"In a course I thought that I deserved good marks but I only got  
ordinary marks with no justification as to why I was given these  
marks.",
sadness,"When I crashed my car and it had to be scrapped then.  It was my  
fault and I feel depressed as I miss the car.",
disgust,"I had some sort of a stomach virus last week and  I vomited in  
college in the morning, then in the cake shop, three times during  
the trip home and again when I got home.",
shame,"When I was an evening school teacher it was my job to make the  
coffee but I was not able to get the coffee ready on time and I  
thus arrived half an hour late to the class.  On top of this the  
coffee was undrinkable.",
guilt,"Many years ago a friend wanted me to with her to southern Europe  
and I preferred to travel alone.  I felt guilty because I wanted  
to go on my own.",
joy,When I felt that my love was returned.,
fear,"When I was convinced that someonne had broken into my flat and I  
woke up and heard sounds that frightened me.",
anger,"When it became clear that a man had used many people sexually  
and psychologically, despite the fact that many people looked up  
to him.  I understood that one could not trust him and I was  
forced to hide this for a while.",
sadness,"When I feel helpless after having tried to help someone without  
any result.",
disgust,"When I think now about the way my father behaved when filing a  
divorce.",
shame,"When as an 8 year old, I wet myself in school.",
guilt,"When as a 7 year old, I stole money from my mother.",
joy,"When I recently got a very positive answer from a clinic telling  
me that they would willingly assist and collect data for me for a  
clinical pilot study.",
fear,Every time I meet a certain dog that has once bitten me.,
anger,"When after a lot of provocation my child threw a plate on the  
floor.",
sadness,"When I realized that I could not communicate properly with my  
closest friend.",
disgust,"When I tried to explain to my child as to why there were  
magazines wiith naked girls on them at the kiosk.",
shame,"When I stole a packet of cigarettes from a neighbour  and the  
next day I owned up and returned it.",
guilt,"When I was forced to decline the invitation to my mother's 70th  
birthday because of my work committments in another area.",
joy,"When I began dansing, the teacher came and told me that I was  
very good and would soon get into the ballet academy. ",
fear,"A late Saturday night I found myself locked in the central  
underground station of Stockholm with a group of 50 hard rockers  
who were drunk and equipped with various kinds of chains, etc.",
anger,"When I was forced to call the telephone company about a bill  
concerning a disconnected phone belonging to my landlord.  The  
bill was four months overdue and in the meanwhile he had been  
using my phone, he seemed to have no intention of having his own  
phone reconnected.",
sadness,"Whenever I read or think about the way people treat animals and  
nature.",
disgust,"When I saw a T.V programme on animals in the film world  
(mistreated and used).",
shame,"When I was 13 years old I wrote passionate love letters to my  
boyfriend and I later found out that his sister had read them.",
guilt,"When I ""hated"" one of mmy flatmates who was nice to me.",
joy,When my 6 month old son is happy and well.,
fear,"A four year girl ran away from her father straight in front of my  
car.  I was forced to use the emergency brakes.",
anger,[ After an examine I had been satisfied with.],
sadness,When a colleague failed to contact me at the arranged time.,
disgust,When I read racist slogans on the walls.,
shame,About Sweden's arms exports.,
guilt,Not doing something I had promised.,
joy,When I gave birth to a healthy boy.,
fear,"When my husband and I spent a night by ourselves in a house which  
was in an area on the outskirts of a large town with which we were   
not familiar.  We  heard strange noises outside the house and the   
house had glass walls so the whole thing was even more  
frightening.",
anger,"Jealous of my husband's old girlfriend.  We met her with her  
husband and there was a lot of reminiscing.",
sadness,"When my daughter had problems with her friends and I could see  
her predicament from the window.  She was given a the cold  
shoulder.",
disgust,"When I was an auxiliary nurse at the hospital and I had to change  
the nappies, for the first time, of a very old and sick woman.",
shame,"When friends found out that I had been lying about where I had  
been on a particular occasion.",
guilt,"When my middle child became very difficult to handle after the  
birth of his baby brother and I did not have any patience with  
him.",
joy,"When my husband and I decided to take a few days holiday after a  
particularly trying period.",
fear,"Before a hospital visit prior to a D&C under anasthesia for an  
expected miscarriage.",
anger,Exchange of points of view with my sister on a family matter.,
sadness,Treatment to become pregnant with a negative result.,
disgust,"When I woke up one morning and went to the kitchen I discovered  
that our dog had diarrhoea.  There were small ""piles"" all over  
the floor and the smell was choking.",
shame,"When I was young, about 6 or 7, I did not make it to the toilet  
on time.  I hid the dirty trousers in the cellar as I feared it 
being discovered by my parents.",
guilt,At work a boy was injured because of my lack of supervision.,
joy,"When I gave birth to a child and saw that it was normal when it  
was put against my breast.",
fear,"During labour when the foetal sounds became faint and there was a  
big alert for a forceps delivery.",
anger,"At a cash desk where I had gone to buy 16 rolls of kitchen paper  
at a reduced price.  After queuing with screaming children; it  
turned out that I had taken two 8 roll packets instead of the one  
16 roll packet to which the rebate applied.  The assistant said  
""You will have to get it another time.""",
sadness,When I first heard that Tage Dannielsson had died.,
disgust,The lift of Stockholm central station stank of vomit and urine.,
shame,"On the train a drunk person touched my baby and I reacted very  
disapprovingly.  I felt ashamed later as the person had not been  
aggressive though he could have been.",
guilt,"I get irritated with my son when he screams or is sick all over  
his clean clothes.",
joy,The high school entrance exam.,
fear,"A gang of screaming and drunk youths ""captured"" a tram.",
anger,"An unjust refree decision at a sports event when I was the team  
leader.",
sadness,When my girlfriend left me.,
disgust,"I was dominated by a certain person and even though I knew it I  
could not change my own reactions.",
shame,When I was given detention at secondary school.,
guilt,"When I splashed a child by not slowing down while driving  
through a puddle of water.",
joy,"Yesterday, when the final whistle blew at the final match between  
OIS and IFK and it was certain that OIS had won the Swedish  
title.",
fear,"I was teaching someone to drive and when we were about to crash I  
was scared.",
anger,"A drummer who had borrowed my drums destroyed both the drumskin  
and the sticks.  He did not repair them nor did he tell me about  
it.",
sadness,"When my dad gives priority to my kid brother's band and his  
other activities.  We both play in different bands and rehearse  
in my parents garage.",
disgust,"A friend unjustly put the blame on me to relieve his conscience  
and also spread lies for the same purpose.",
shame,"My behaviour at a recent party.  I passed out early, luckily.",
guilt,"When I was face to face with my deceived friend after sleeping  
with his wife.",
joy,"When I dived among sharks and the brightly coloured fish on the  
outer reef of Tvavni, Fidgi.",
fear,"When I missed crashing, by a hair's breadth, into a man who came  
out 20 metres ahead of me when I was driving at 110km/h.",
anger,"When I told off a computer teacher who did not want to teach me  
beacause of prejudice.",
sadness,When I could not do anything because of a bad back.,
disgust,"When I discovered that the house we had hired in Tonga was full  
of cockroaches.",
shame,When I excreted on the mat instead of the potty.,
guilt,"When I pulled a chair from under someone at kindergarten and he  
hit his head.",
joy,"When I passed the driving test three weeks ago and got my  
licence.",
fear,"When the car I was driving skidded on an icy road and landed in    
a ditch with one side against a rock.",
joy,When I met friends I had not seen for the last 2-4 years.,
fear,When a guy chased me when I was out jogging.,
anger,When the morning newspaper has not arrived.,
joy,"I feel unbelievably happy about the relationship between my  
boyfriend and me, it is a reoccurring feeling.",
fear,A reoccurring fear that something will happen to my relatives.,
anger,"When I argue with my boyfriend, I feel as though he feels  
superior to me.",
sadness,"When I failed an exam last Summer.  I had worked very hard for it  
and I was very disappointed thinking that it was hopeless to  
continue at college.  I did overreact.",
guilt,"When I argue with my sister.  It feels sometimes that I have the  
upper hand and I use it.  I often argue better and this makes her  
terribly angry.",
joy,I was very happy when I got an attractive Summer job.,
joy,The birth of my child.,
fear,"When I have to leave the baby in the carriage and go shopping, I  
fear that something will happen to the baby.",
anger,"When during Winter the water pipes froze and we did not have any  
water for two days."
